Predictor variable,Categorical,Sample average
bio02,false,59.83631262066721
bio03,false,226.89745678079538
bio08,false,247.659241073433
bio09,false,78.65197934097257
bio13,false,308.5493823172032
bio14,false,43.6223312169656
bio15,false,68.33930661870146
bio18,false,766.9757895283316
bio19,false,167.78949023827738
