Predictor variable,Categorical,Sample average
bio02,false,63.58985317430998
bio03,false,218.21280249344676
bio08,false,239.1260254187333
bio09,false,40.69800755682744
bio13,false,305.171174075478
bio14,false,45.90960971982855
bio15,false,68.81560339676706
bio18,false,774.4294215794614
bio19,false,174.70507435146132
