Predictor variable,Categorical,Sample average
bio02,false,61.19941240242819
bio03,false,226.04728053398284
bio08,false,244.2618083991552
bio09,false,56.23413532742634
bio13,false,295.57501831356245
bio14,false,35.370906922185846
bio15,false,69.96349346402134
bio18,false,778.5265871432458
bio19,false,122.22852733955082
