Predictor variable,Categorical,Sample average
bio02,false,78.78450136261417
bio03,false,262.4082603275234
bio08,false,161.74919341660888
bio09,false,68.73616630218731
bio13,false,123.51017807484321
bio14,false,54.59803795992001
bio15,false,26.040843038446365
bio18,false,289.4692306045193
bio19,false,223.29124930779048
