Predictor variable,Categorical,Sample average
bio02,false,80.21933783526816
bio03,false,266.5895014178907
bio08,false,168.95477489956428
bio09,false,72.23957366744374
bio13,false,125.09948687992676
bio14,false,54.43590164172769
bio15,false,26.61667557739625
bio18,false,285.2608203080954
bio19,false,235.33720022715744
