Predictor variable,Categorical,Sample average
bio02,false,80.10588991258543
bio03,false,266.09773023707464
bio08,false,157.6040687664617
bio09,false,70.4520129785291
bio13,false,113.59782083790249
bio14,false,56.59118853116871
bio15,false,21.8812467855633
bio18,false,257.353476841848
bio19,false,241.12186168171095
