Predictor variable,Categorical,Sample average
bio02,false,82.79809245027799
bio03,false,263.3384536159247
bio08,false,161.5326839027939
bio09,false,74.43439915342833
bio13,false,118.53149469766586
bio14,false,60.08209404429778
bio15,false,22.736610232457604
bio18,false,270.2440416622731
bio19,false,258.49478306822664
