Predictor variable,Categorical,Sample average
bio02,false,74.6907846625646
bio03,false,279.16384568214414
bio08,false,150.06135522842408
bio09,false,79.06357458495846
bio13,false,95.79737810611725
bio14,false,41.88780438611905
bio15,false,24.718466551303862
bio18,false,214.19433683276176
bio19,false,164.2964152240753
