Predictor variable,Categorical,Sample average
bio02,false,82.40295881400218
bio03,false,260.96625957078373
bio08,false,167.8229270334399
bio09,false,63.75015335780276
bio13,false,114.68566473158714
bio14,false,57.8975323105354
bio15,false,23.29243842707622
bio18,false,265.9483625107636
bio19,false,245.0020823880134
