Predictor variable,Categorical,Sample average
bio02,false,80.50332012685088
bio03,false,267.05804184578136
bio08,false,176.06953755559329
bio09,false,60.10928939462979
bio13,false,123.84898420482098
bio14,false,53.99009716773807
bio15,false,26.427071861660938
bio18,false,288.96752217752646
bio19,false,229.182478682026
