Predictor variable,Categorical,Sample average
bio02,false,75.28891541619608
bio03,false,278.7943595929
bio08,false,149.46228323819668
bio09,false,79.34178231185548
bio13,false,99.5003447571722
bio14,false,43.13599309750599
bio15,false,25.615700284177343
bio18,false,221.65600801881607
bio19,false,173.25958435203353
