Predictor variable,Categorical,Sample average
bio02,false,73.86806091518419
bio03,false,280.9939762834389
bio08,false,153.0539481905369
bio09,false,78.25819096117003
bio13,false,101.7320407440901
bio14,false,44.125687418487075
bio15,false,25.561323487081435
bio18,false,228.64359084843943
bio19,false,177.89650397820984
