Predictor variable,Categorical,Sample average
bio02,false,74.60964441139157
bio03,false,280.1278793847861
bio08,false,151.14521432013072
bio09,false,80.73349450193032
bio13,false,99.0990282876151
bio14,false,44.268470938967056
bio15,false,24.31803968934452
bio18,false,223.41601382744412
bio19,false,175.26927348545618
