Predictor variable,Categorical,Sample average
bio02,false,80.91773707449947
bio03,false,268.1320243397568
bio08,false,160.93140306079403
bio09,false,69.32666034245611
bio13,false,113.06436973142173
bio14,false,56.042111702960966
bio15,false,23.160440709982282
bio18,false,256.2859449658979
bio19,false,237.1876503324721
