Predictor variable,Categorical,Sample average
bio02,false,58.882886021838985
bio03,false,224.42098475984508
bio08,false,245.0393470017958
bio09,false,71.30795747880744
bio13,false,305.98039616614415
bio14,false,43.047314875740454
bio15,false,68.54004912228211
bio18,false,783.2161817812179
bio19,false,160.92668832241944
