Predictor variable,Categorical,Sample average
bio02,false,78.81485369953256
bio03,false,263.36492840027154
bio08,false,161.19777713597998
bio09,false,71.64094846647129
bio13,false,123.5650809564879
bio14,false,55.33846254222196
bio15,false,24.281472424565546
bio18,false,283.0203171831621
bio19,false,234.12290878462346
