Predictor variable,Categorical,Sample average
bio02,false,83.23027163842146
bio03,false,267.29115600585936
bio08,false,172.36584325416123
bio09,false,64.92135820103371
bio13,false,120.88538958465352
bio14,false,58.80621918285923
bio15,false,23.604806332588197
bio18,false,273.1923340417094
bio19,false,262.7031179484199
